1990;Tie Me Up! Tie Me Down!;Almodóvar, Pedro
1990;Camille Claudel;Nuytten, Bruno
1991;High Heels;Almodóvar, Pedro
1983;Dead Zone, The;Cronenberg, David
1979;Cuba;Lester, Richard
1978;Days of Heaven;Malick, Terrence
1983;Octopussy;Glen, John
1984;Target Eagle;Loma, José Antonio de la
1989;American Angels: Baptism of Blood, The;Sebastian, Beverly
1985;Subway;Besson, Luc
1982;Fanny and Alexander;Bergman, Ingmar
1982;Tragedy of a Ridiculous Man;Bertolucci, Bernardo
1966;A Man & a Woman;Lelouch, Claude
1986;A Man & a Woman: Twenty Years Later;Lelouch, Claude
1966;Un Hombre y una Mujer;Lelouch, Claude
1985;Official Story, The;Puenzo, Luiz
1976;Lindbergh Kidnapping Case, The;Kulik, Buzz
1929;Blackmail;Hitchcock, Alfred
1963;Donovan's Reef;Ford, John
1988;Tucker: The Man & His Dream;Coppola, Francis Ford
1988;Scrooged;Donner, Richard
1981;Raiders of the Lost Ark;Spielberg, Steven
1987;Running Man, The;Glaser, Paul Michael
1991;Predator 2;Hopkins, Stephen
1988;Colors;Hopper, Dennis
1990;Zandalee;Pillsbury, Sam
1988;Miles from Home;Sinise, Gary
1980;Happy Birthday to Me;Thompson, J. Lee
1989;Final Notice;Stern, Steven Hilliard
1979;Quintet;Altman, Robert
1960;Devil's Eye, The;Bergman, Ingmar
1957;Wild Strawberries;Bergman, Ingmar
1956;Seventh Seal, The;Bergman, Ingmar
1955;Dreams;Bergman, Ingmar
1955;Naked Night, The;Bergman, Ingmar
1962;Through a Glass Darkly;Bergman, Ingmar
1972;Cries & Whispers;Bergman, Ingmar
1958;Barbarian & the Geisha, The;Huston, John
1967;Casino Royale;Hughes, Ken
1962;Dr. No;Young, Terence
1979;Ten;Edwards, Blake
1983;Man Who Loved Women, The;Edwards, Blake
1966;Hawaii;Hill, George Roy
1966;Torn Curtain;Hitchcock, Alfred
1986;Duet for One;Konchalovsky, Andrei
1965;Sound of Music, The;Wise, Robert
1984;Tartuffe;Depardieu, Gérard
1988;A New Life;Alda, Alan
1978;Magic;Attenborough, Richard
1992;Tommy;Russell, Ken
1978;Big Fix, The;Kagan, Jeremy Paul
1992;Alan & Naomi;Vanwagenen, Sterling
1987;Fatal Attraction;Lyne, Adrian
1992;Patriot Games;Noyce, Phillip
1981;Woman Next Door, The;Truffaut, François
1992;Hunting;Howson, Frank
1924;Siegfried, The Nibelungenlied;Lang, Fritz
1988;Big Blue, The;Besson, Luc
1991;Flight of the Intruder;Milius, John
1986;Nobody's Fool;Purcell, Evelyn
1985;After Hours;Scorsese, Martin
1985;Desperately Seeking Susan;Seidelman, Susan
1971;A New Leaf;May, Elaine
1959;Killers of Kilimanjaro;Thorpe, Richard
1926;Don Juan;Crosland, Alan
1987;Babette's Feast;Axel, Gabriel
1988;Thunderball;Young, Terrence
1926;Lodger (Story of the London Fog);Hitchcock, Alfred
1988;Appointment with Death;Donaggio, Michael Winner
1974;Murder on the Orient Express;Lumet, Sidney
1955;Blood Alley;Wellman, William
1977;Spy Who Loved Me, The;Gilbert, Lewis
1988;Storm;Winning, David
1989;Miami Cops;Bradley, Al
1996;Island of Dr. Moreau, The;Frankenheimer, John
1992;Eighty-Four Charing Cross Road;Jones, David
1980;Elephant Man, The;Lynch, David
1988;Dr Alien;DeCoteau, David
1982;Creepshow;Romero, George A.
1987;Sammy & Rosie Get Laid;Frears, Stephen
1971;Goalie's Anxiety at the Penalty Kick, The;Wenders, Wim
1957;Mademoiselle Striptease;Allegret, Marc
1969;Women, The;Aurel, Jean
1958;That Naughty Girl;Boisrond, Michel
1959;Voulez-Vous Danser Avec Moi?;Boisrond, Michel
1967;A Coeur Joie, (Head Over Heels);Bourguignon, Serge
1968;Shalako;Dmytryk, Edward
1964;Contempt;Godard, Jean-Luc
1965;Dear Brigitte;Koster, Henry
1962;A Very Private Affair;Malle, Louis
1964;Ravishing Idiot, The;Molinaro, Edouard
1958;Bride Is Much Too Beautiful, The;Surin, Fred
1955;Doctor at Sea;Thomas, Ralph
1962;Le Repos Du Guerrier, (Warrior's Rest);Vadim, Roger
1957;And God Created Woman;Vadim, Roger
1973;Ms. Don Juan;Vadim, Roger
1987;Siesta;Lambert, Mary
1932;Rich & Strange;Hitchcock, Alfred
1987;Lionheart;Schaffner, Franklin J.
1982;E. T. The Extra-Terrestrial;Spielberg, Steven
1992;Cool World;Bakshi, Ralph
1988;Nadine;Benton, Robert
1989;Batman;Burton, Tim
1987;Blind Date;Edwards, Blake
1982;Mother Lode;Heston, Charlton
1992;Final Analysis;Joanou, Phil
1983;Never Say Never Again;Kershner, Irvin
1986;Nine & a Half Weeks;Lyne, Adrian
1989;Killjoy;Moxey, John Llewellyn
1986;No Mercy;Pearce, Richard
1991;Marrying Man, The;Rees, Jerry
1990;Misery;Reiner, Rob
1946;Crisis;Bergman, Ingmar
1984;Samson & Delilah;Philips, Lee
1988;Split Decisions;Drury, David
1988;Nightmare at Noon;Mastorakis, Nico
1990;Presumed Innocent;Pakula, Alan J.
1942;Reap the Wild Wind;DeMille, Cecil B.
1972;Pocket Money;Rosenberg, Stuart
1977;Mary White;Taylor, Jud
1990;Guilty by Suspicion;Winkler, Irwin
1948;Secret Beyond the Door;Lang, Fritz
1945;Scarlet Street;Lang, Fritz
1988;Daffy Duck's Quackbusters;Ford, Greg
1982;Gandhi;Attenborough, Richard
1975;Wind & the Lion, The;Milius, John
1971;Carnal Knowledge;Nichols, Mike
1970;Getting Straight;Rush, Richard
1972;Scarlet Letter, The;Wenders, Wim
1935;Count of Old Town, The;Adolphson, Edvin
1978;Autumn Sonata;Bergman, Ingmar
1944;Gaslight;Cukor, George
1958;Indiscreet;Donen, Stanley
1941;Walpurgis Night;Edgren, Gustaf
1948;Joan of Arc;Fleming, Victor
1982;A Woman Called Golda;Gibson, Alan
1969;A Walk in the Spring Rain;Green, Guy
1949;Under Capricorn;Hitchcock, Alfred
1946;Notorious;Hitchcock, Alfred
1940;June Night;Lindberg, Per
1961;Goodbye Again;Litvak, Anatole
1956;Anastasia;Litvak, Anatole
1945;Bells of St. Mary's, The;McCarey, Leo
1937;Intermezzo;Molander, Gustaf
1938;A Woman's Face;Molander, Gustaf
1935;Swedenhielms;Molander, Gustaf
1939;Only One Night;Molander, Gustav
1938;Dollar;Molander, Gustav
1956;Elena & Her Men;Renoir, Jean
1952;Europa Fifty-One;Rossellini, Roberto
1953;Voyage in Italy;Rossellini, Roberto
1954;Fear;Rossellini, Roberto
1950;Stromboli;Rossellini, Roberto
1969;Cactus Flower;Saks, Gene
1987;Programmed to Kill;Holzman, Allan
1982;Conan the Barbarian;Milius, John
1991;Raw Nerve;Prior, David A.
1970;Think Dirty;Clark, Jim
1982;King of Comedy;Scorsese, Martin
1984;Amadeus;Forman, Milos
1973;White Lightning;Sargent, Joseph
1988;Unbearable Lightness of Being, The;Kaufman, Philip
1972;Life & Times of Judge Roy Bean, The;Huston, John
1970;Airport;Seaton, George
1973;Day for Night;Truffaut, François
1952;Secrets of Women;Bergman, Ingmar
1976;Burnt Offerings;Curtis, Dan
1969;Easy Rider;Hopper, Dennis
1991;Five Easy Pieces;Rafelson, Bob
1974;Day of the Locust, The;Schlesinger, John
1964;Goldfinger;Hamilton, Guy
1977;Exorcist II, The Heretic;Boorman, John
1953;White Lightning;Bernds, Edward
1942;Lady for a Night;Leigh, Jason
1968;Charly;Nelson, Ralph
1973;High Plains Drifter;Eastwood, Clint
1982;Honkytonk Man;Eastwood, Clint
1990;Nightbreed;Barker, Clive
1987;Under the Sun of Satan;Pialat, Maurice
1985;Vagabond;Varda, Agnes
1974;Monty Python & the Holy Grail;Gilliam, Terry
1958;Matchmaker, The;Anthony, Joseph
1981;For Your Eyes Only;Glen, John
1928;Wings;Wellman, William
1992;Medicine Man;McTiernan, John
1989;Good Fellas;Scorsese, Martin
1985;Kiss of the Spider Woman;Babenco, Hector
1990;Rookie, THe;Eastwood, Clint
1973;Sting, The;Hill, George Roy
1958;Torpedo Run;Pevney, Joseph
1986;Instant Justice;Rumar, Craig
1990;Cyrano de Bergerac;Rappeneau, Jean-Paul
1948;Border Street;Ford, Aleksander
1987;Firehouse;Ingvordsen, J. Christian
1965;Morituri;Wicki, Bernhard
1980;From the Life of the Marionettes;Bergman, Ingmar
1988;Frantic;Polanski, Roman
1978;Coma;Crichton, Michael
1988;Dead Ringers;Cronenberg, David
1988;Golden Ninja Invasion;Lambert, Bruce
1973;Exorcist, The;Friedkin, William
1982;Eyes of the Amaryllis, The;King Keller, Frederick
1952;What Price Glory?;Ford, John
1954;Inauguration of the Pleasure Dome;Anger, Kenneth
1989;School Daze;Lee, Spike
1990;End of Innocence, The;Cannon, Dyan
1971;Anderson Tapes, The;Lumet, Sidney
1983;Father Murphy, A Horse from Heaven;Claxton, William F.
1989;Skull;Bergman, Robert
1987;Quick & The Dead, The;Day, Robert
1984;Best Defense;Huyck, Willard
1984;Dreamscape;Ruben, Joseph
1989;Black Rain;Scott, Ridley
1963;8 1/2;Fellini, Federico
1935;One Frightened Night;Cabanne, Christy
1988;Year My Voice Broke, The;Duigan, John
1966;Is Paris Burning?;Clément, René
1974;QB VII;Gries, Tom
1977;Island of Dr. Moreau, The;Taylor, Don
1983;Beyond the Limit;Mackenzie, John
1936;Secret Agent;Hitchcock, Alfred
1972;Big Bust Out, The;Theumer, Ernst R. von
1987;Fourth Protocol, The;Mackenzie, John
1990;Gremlins 2: The New Batch;Dante, Joe
1982;Fast Times at Ridgemont High;Heckerling, Amy
1987;Mannequin;Gottlieb, Michael
1977;Rabid;Cronenberg, David
1990;Party, The;Edwards, Blake
1989;Vampire Raiders, Ninja Queen;Lambert, Bruce
1943;Destroyer;Seiter, William A.
1992;Party Girl;Ray, Nicholas
1989;Twin Peaks;Lynch, David
1987;Moonstruck;Jewison, Norman
1987;Witches of Eastwick, The;Miller, George
1979;Moonraker;Gilbert, Lewis
1984;Beat Street;Lathan, Stan
1989;Never on Tuesday;Rifkin, Adam
1975;Shampoo;Ashby, Hal
1985;Power;Lumet, Sidney
1965;Darling;Schlesinger, John
1963;Ugly American, The;Englund, George
1931;Ambassador Bill;Taylor, Sam
1931;Big Trail, The;Walsh, Raoul
1967;Hombre;Ritt, Martin
1968;Coogan's Bluff;Siegel, Don
1989;Penn & Teller Get Killed;Penn, Arthur
1987;Shy People;Konchalovsky, Andrei
1980;It's My Turn;Weill, Claudia
1988;Dangerous Liaisons;Frears, Stephen
1990;Reversal of Fortune;Schroeder, Barbet
1991;Meeting Venus;Szabó, István
1987;Like Father Like Son;Daniel, Rod
1948;Rope;Hitchcock, Alfred
1962;Road to Hong Kong;Panama, Norman
1989;Shirley Valentine;Gilbert, Lewis
1992;City of Joy;Joffe, Roland
1966;Appaloosa, The;Furie, Sidney J.
1986;Seven Minutes in Heaven;Feferman, Linda
1991;Hearts of Darkness, A Filmmaker's Apocalypse;Bahr, Fax
1961;Tonight for Sure;Coppola, Francis Ford
1990;White Hunter, Black Heart;Eastwood, Clint
1962;Sundays & Cybele;Bourguignon, Serge
1989;Puppet Master;Schmoeller, David
1991;Night Gallery;Spielberg, Steven
1989;Pet Sematary;Lambert, Mary
1992;America's Music, Gospel;Walton, Kip
1977;Slap Shot;Hill, George Roy
1987;O. C. & Stiggs;Altman, Robert
1988;A Fish Called Wanda;Crichton, Charles
1954;A Lesson in Love;Bergman, Ingmar
1957;Brink of Life;Bergman, Ingmar
1986;Betty Blue;Beineix, Jean-Jacques
1979;Hair;Forman, Milos
1989;National Lampoon's Christmas Vacation;S, Jeremiah
1974;Dersu Uzala, (The Hunter);Kurosawa, Akira
1990;Alice;Allen, Woody
1980;Fifth Floor, The;Avedis, Howard Hikmet
1990;Snow Kill;Wright, Thomas J.
1971;People, The;Coppola, Francis Ford
1969;True Grit;Hathaway, Henry
1942;Battle of Midway, The;Ford, John
1948;Three Godfathers;Ford, John
1965;Hush, Hush, Sweet Charlotte;Aldrich, Robert
1946;A Stolen Life;Bernhardt, Curtis
1939;Old Maid, The;Goulding, Edmund
1950;All about Eve;Mankiewicz, Joseph L.
1986;Fly, The;Cronenberg, David
1990;Quick Change;Franklin, Howard 
1988;Lair of the White Worm, The;Russell, Ken
1989;Rainbow, The;Russell, Ken
1956;Man Who Knew Too Much, The;Hitchcock, Alfred
1992;Beauty & the Beast;Cocteau, Jean
1940;Foreign Correspondent;Hitchcock, Alfred
1949;Heiress, The;Wyler, William
1986;Boy Who Could Fly, The;Castle, Nick
1975;Terrorists, The;Wrede, Caspar
1942;Wheel of Fortune;Auer, John H.
1989;Do the Right Thing;Lee, Spike
1990;Court-Martial of Jackie Robinson, The;Peerce, Larry
1967;Elvira Madigan;Widerberg, Bo
1992;Hurricane Smith;Budds, Colin
1983;Risky Business;Brickman, Paul
1980;I Love All of You (Je Vous Aime);Berri, Claude
1986;Love Songs;Chouraqui, Elie
1983;Le Choix des Armes;Comeau, Alain
1981;Choice of Arms;Corneau, Alan
1977;March or Die;Richards, Dick
1980;Last Metro, The;Truffaut, François
1986;Jean de Florette;Berri, Claude
1989;Fat Man & Little Boy;Joffe, Roland
1990;Wild at Heart;Lynch, David
1989;Family Business;Lumet, Sidney
1988;Stand & Deliver;Menendez, Ramon
1981;Looker;Crichton, Michael
1989;Fire & Rain;Jameson, Jerry
1940;Seven Sinners;Garnett, Tay
1961;Judgment at Nuremberg;Kramer, Stanley
1987;Wings of Desire;Wenders, Wim
1991;Until the End of the World;Wenders, Wim
1987;Castaway;Roeg, Nicolas
1991;Delicatessen;Caro, Marc
1979;Great Train Robbery, The;Crichton, Michael
1991;Hanover Street;Hyams, Peter
1991;Hunchback;Tuchner, Michael
1946;My Darling Clementine;Ford, John
1950;Wagon Master;Ford, John
1949;She Wore a Yellow Ribbon;Ford, John
1985;Fantasy Man;Meagher, John
1986;Monster in the Closet;Dahlin, Bob
1992;Double Edge;Kollek, Amos
1976;Network;Lumet, Sidney
1974;Chinatown;Polanski, Roman
1975;Three Days of the Condor;Pollack, Sydney
1977;Voyage of the Damned;Rosenberg, Stuart
1987;Barfly;Schroeder, Barbet
1947;Life with Father;Curtiz, Michael
1943;A Guy Named Joe;Fleming, Victor
1974;Stavisky;Resnais, Alain
1981;Time Bandits;Gilliam, Terry
1980;Shining, The;Kubrick, Stanley
1945;Flame of Barbary Coast;Kane, Joseph
1979;Brood, The;Cronenberg, David
1970;Molly Maguires, The;Ritt, Martin
1984;Beverly Hills Cop;Brest, Martin
1991;Blind Man's Bluff;Quinn, James
1961;La Dolce Vita;Fellini, Federico
1966;After the Fox;De Sica, Vittorio
1974;Man with the Golden Gun, The;Hamilton, Guy
1985;Marbella;Hermoso, Miguel
1967;Bobo, The;Parrish, Robert
1992;Killer Image.;Winning, David
1987;Kandyland;Schnitzer, Robert Allen
1987;Campus Man;Casden, Ron
1956;Jubal;Daves, Delmer
1985;Purple Rose of Cairo, The;Allen, Woody
1984;Broadway Danny Rose;Allen, Woody
1992;Husbands & Wives;Allen, Woody
1986;Hannah & Her Sisters;Allen, Woody
1979;Hurricane;Troell, Jan
1986;Between Two Women;Avnet, John
1981;Cannonball Run, The;Needham, Hal
1936;Doughnuts & Society;Collins, Lewis D.
1978;Holocaust;Chomsky, Marvin J.
1990;Meridian;Band, Charles
1992;Diary of a Hitman;London, Roy
1988;Gor;Kiersch, Fritz
1987;Surrender;Belson, Jerry
1984;Places in the Heart;Benton, Robert
1991;Not Without My Daughter;Gilbert, Brian
1977;Heroes;Kagan, Jeremy Paul
1981;Absence of Malice;Pollack, Sydney
1979;Norma Rae;Ritt, Martin
1989;Steel Magnolias;Ross, Herbert
1989;Burbs, The;Dante, Joe
1980;Empire Strikes Back, The;Kershner, Irvin
1977;Star Wars;Lucas, George
1983;Return of the Jedi;Marquand, Richard
1991;Hear My Song;Chelsom, Peter
1956;Slightly Scarlet;Dwan, Allan
1957;Gunfight at the OK Corral;Sturges, John
1931;Range Feud, The;Lederman, Ross
1990;Bloodsucking Pharaohs in Pittsburgh;Smithey, Alan
1972;Roma;Fellini, Federico
1979;China Syndrome, The;Bridges, James
1986;Morning After, The;Lumet, Sidney
1971;Klute;Pakula, Alan J.
1979;Electric Horseman, The;Pollack, Sydney
1965;Cat Ballou;Silverstein, Elliot
1940;Rebecca;Hitchcock, Alfred
1944;Jane Eyre;Stevenson, Robert
1973;Stacey!;Sidaris, Andy
1992;Naked Obsession;Golden, Dan
1989;Stripped to Kill II, Live Girls;Ruben, Katt Shea
1990;Rain Killer, The;Stein, Ken
1983;Valley Girl;Coolidge, Martha
1991;Silence of the Lambs, The;Demme, Jonathan
1988;Stealing Home;Kampmann, Steven 
1972;Napoleon & Samantha;McEveety, Bernard
1955;Blackboard Jungle, The;Brooks, Richard
1989;My Left Foot;Sheridan, Jim
1987;Back to the Beach;Hobbs, Lyndall
1934;Painted Veil, The;Boleslawski, Richard
1931;Inspiration;Brown, Clarence
1930;Anna Christie;Brown, Clarence
1926;Flesh & the Devil, The;Brown, Clarence
1928;Woman of Affairs;Brown, Clarence
1935;Anna Karenina;Brown, Clarence
1936;Camille;Cukor, George
1931;Mata Hari;Fitzmaurice, George
1929;Wild Orchids;Franklin, Sidney
1932;Grand Hotel;Goulding, Edmund
1931;Susan Lennox, Her Fall & Rise;Leonard, Robert Z.
1939;Ninotchka;Lubitsch, Ernst
1933;Queen Christina;Mamoulian, Rouben
1928;Mysterious Lady, The;Niblo, Fred
1925;Joyless Street;Pabst, Georg Wilhelm
1929;Single Standard, The;Robertson, John S.
1962;A Child Is Waiting;Cassavetes, John
1982;Tootsie;Pollack, Sydney
1989;Let It Ride;Pytka, Joe
1953;Julius Caesar;Mankiewicz, Joseph L.
1979;Nineteen Forty-One;Spielberg, Steven
1975;Jaws;Spielberg, Steven
1987;Hot Pursuit;Lisberger, Steven
1989;Triumph of the Spirit;Young, Robert M.
1975;Brannigan;Hickox, Douglas
1979;Buffet Froid;Blier, Bertrand
1986;Salvador;Stone, Oliver
1959;Horse Soldiers, The;Ford, John
1954;Long John Silver;Haskin, Byron
1961;Hustler, The;Rossen, Robert
1983;Star Chamber, The;Hyam, Peter
1988;Clara's Heart;Mulligan, Robert
1987;Burglar;Wilson, Hugh
1978;Bloodbrothers;Mulligan, Robert
1988;Rain Man;Levinson, Barry
1966;Masculine Feminine;Godard, Jean-Luc
1964;Outer Limits, The;Stanley, Paul
1979;Last Ride of the Dalton Gang, The;Curtis, Dan
1932;Number Seventeen;Hitchcock, Alfred
1986;Manhunter;Mann, Michael
1990;Bonfire of the Vanities, The;De Palma, Brian
1988;Working Girl;Nichols, Mike
1992;Shining Through;Seltzer, David
1988;Tokyo Pop;Kuzui, Fran Rubel
1991;Terminator 2;Cameron, James
1984;Terminator, The;Cameron, James
1986;King Kong Lives!;Guillermin, John
1991;At Play in the Fields of the Lord;Babenco, Hector
1990;Crazy People;Bill, Tony
1992;Memoirs of an Invisible Man;Carpenter, John
1985;Clan of the Cave Bear, The;Chapman, Michael
1983;Final Terror, The;Davis, Andrew
1984;Reckless;Foley, James
1989;High Spirits;Jordan, Neil
1987;Roxanne;Schepisi, Fred
1982;Blade Runner;Scott, Ridley
1987;Wall Street;Stone, Oliver
1938;Flaming Frontiers;Taylor, Ray
1936;Libeled Lady;Conway, Jack
1976;Inserts;Byrum, John
1988;Blue Iguana, The;Lafia, John
1983;Tender Mercies;Beresford, Bruce
1987;Nights in White Satin;Barnard, Michael
1989;Videodrome;Cronenberg, David
1991;Intimate Stranger;Holzman, Allan
1986;Highlander;Mulcahy, Russell
1989;Tango & Cash;Konchalovsky, Andrei
1970;There's a Girl in My Soup;Boulting, Roy
1984;Swing Shift;Demme, Jonathan
1978;Foul Play;Higgins, Colin
1982;Best Friends;Jewison, Norman
1972;Butterflies Are Free;Katselas, Milton
1987;Overboard;Marshall, Garry
1974;Girl from Petrovka, The;Miller, Robert Ellis
1992;Housesitter;Oz, Frank
1986;Wildcats;Ritchie, Michael
1984;Protocol;Ross, Herbert
1980;Seems Like Old Times;Sandrich, Jay
1974;Sugarland Express, The;Spielberg, Steven
1980;Private Benjamin;Zieff, Howard
1931;Arrowsmith;Ford, John
1972;Say Goodbye Maggie Cole;Taylor, Jud
1964;Circus World;Hathaway, Henry
1952;Affair in Trinidad;Sherman, Vincent
1948;Lady from Shanghai;Welles, Orson
1940;Lady in Question;Vidor, Charles
1946;Gilda;Vidor, Charles
1948;Loves of Carmen, The;Vidor, Charles
1990;Dick Tracy;Beatty, Warren
1964;Marnie;Hitchcock, Alfred
1987;Hot Child in the City;Florea, John
1984;Johnny Dangerously;Heckerling, Amy
1985;Stark;Holcomb, Rod
1949;Three Strange Loves;Bergman, Ingmar
1964;My Fair Lady;Cukor, George
1960;Unforgiven, The;Huston, John
1976;Robin & Marian;Lester, Richard
1961;Children's Hour, The;Wyler, William
1956;Rainmaker, The;Anthony, Joseph
1952;Pat & Mike;Cukor, George
1968;Lion in Winter, THe;Harvey, Anthony
1991;Sea of Grass, The;Kazan, Elia
1967;Guess Who's Coming to Dinner;Kramer, Stanley
1957;Desk Set;Lang, Walter
1975;Rooster Cogburn;Miller, Stuart
1981;On Golden Pond;Rydell, Mark
1992;Juice;Dickerson, Ernest R.
1986;Hoosiers;Anspaugh, David
1987;Tin Men;Levinson, Barry
1988;Last Temptation of Christ, The;Scorsese, Martin
1988;Souvenir;Reeve, Geoffrey
1966;A Man for All Seasons;Zinnemann, Fred
1986;Knights & Emeralds;Emes, Ian
1989;Masque of the Red Death;Brand, Larry
1943;Adventures of Smilin' Jack, The;Taylor, Ray
1992;Adventures in Dinosaur City;Thompson, Brett
1987;Allnighter, The;Hoffs, Tamar Simon
1980;Caddyshack;Ramis, Harold
1973;Tom Sawyer;Taylor, Don
1987;Rita, Sue & Bob Too;Clarke, Alan
1947;Hawk of Powder River;Taylor, Ray
1928;Tempest;Taylor, Sam
1986;Running Mates;Neff, Thomas L.
1987;Prettykill;Kaczender, George
1934;Judge Priest;Ford, John
1950;Harvey;Koster, Henry
1991;If Looks Could Kill;Wilmington, Michael
1987;Raising Arizona;Coen, Joel
1989;Once Around;Hallström, Lasse
1980;Loulou;Pialat, Maurice
1982;World According to Garp, The;Hill, George Roy
1980;Virus;Fukasaku, Kinji
1940;Northwest Passage;Vidor, King
1987;Gardens of Stone;Coppola, Francis Ford
1989;Enemies, a Love Story;Mazursky, Paul
1992;Addams Family, The;Sonnenfeld, B.
1932;Freaks;Browning, Tod
1991;Necessary Roughness;Dragoti, Stan
1990;A Show of Force;Barreto, Bruno
1980;Competition, The;Oliansky, Joel
1988;Crossing Delancey;Silver, Joan Micklin
1982;State of Things, The;Wenders, Wim
1987;Business As Usual;Barrett, Lezli-An
1973;A Touch of Class;Frank, Melvin
1970;Women in Love.;Russell, Ken
1988;Salome's Last Dance;Russell, Ken
1986;Casino;Chaffey, Don
1955;Smiles of a Summer Night;Bergman, Ingmar
1989;New Year's Day;Jaglom, Henry
1981;Mephisto;Szabó, István
1927;Easy Virtue;Hitchcock, Alfred
1991;Strictly Business;Hooks, Kevin
1983;Blame It on Rio;Donen, Stanley
1987;Straight to Hell;Cox, Alex
1986;American Anthem;Magnoli, Albert
1963;Bedtime Story;Levy, Ralph
1988;Night Train to Katmandu, THe;Wiemer, Robert
1948;Port of Call;Bergman, Ingmar
1973;Paper Moon;Bogdanovich, Peter
1983;Yellowbeard;Damski, Mel
1975;Adventures of Sherlock Holmes' Smarter;Wilder, Gene
1990;Flashback;Amurri, Franco
1977;World's Greatest Lover, The;Wilder, Gene
1955;Killer's Kiss;Kubrick, Stanley
1988;Deceivers, The;Meyer, Nicholas
1983;Breathless;McBride, Jim
1989;Born on the Fourth of July;Stone, Oliver
1991;Awakenings;Marshall, Penny
1977;Annie Hall;Allen, Woody
1979;Manhattan;Allen, Woody
1981;Reds;Beatty, Warren
1986;Crimes of the Heart;Beresford, Bruce
1977;Looking for Mr. Goodbar;Brooks, Richard
1972;Godfather, The;Coppola, Francis Ford
1974;Godfather, Pt 2., The;Coppola, Francis Ford
1976;I Will, I Will...For Now;Panama, Norman
1972;Play It Again, Sam;Ross, Herbert
1970;Fellini Satyricon;Fellini, Federico
1980;Formula, The;Avildsen, John G.
1977;Black Sunday;Frankenheimer, John
1977;Bobby Deerfield;Pollack, Sydney
1972;Last of the Red Hot Lovers;Saks, Gene
1953;Mogambo;Ford, John
1955;To Catch a Thief;Hitchcock, Alfred
1954;Rear Window;Hitchcock, Alfred
1945;Woman Who Came Back;Colmes, Walter
1939;Stanley & Livingstone;King, Henry
1956;Bad Seed, The;LeRoy, Mervyn
1989;Lethal Weapon 2;Donner, Richard
1992;Blame It on the Bellboy;Herman, Mark
1927;Drop Kick, The;Webb, Millard
1978;Superman, The Movie;Donner, Richard
1987;Superman IV: The Quest for Peace;Furie, Sidney J.
1970;Quackser Fortune Has a Cousin in the Bronx;Waris, Hussein
1989;Dead Calm;Noyce, Phillip
1990;Days of Thunder;Scott, Tony
1987;My Life As a Dog;Hallström, Lasse
1983;Moon in the Gutter, The;Beineix, Jean-Jacques
1984;Paris, Texas;Wenders, Wim
1984;Unfaithfully Yours;Zieff, Howard
1987;Bullseye!;Winner, Michael
1989;Erik the Viking;Jones, Terry
1987;Dragonard;Kikoine, Gerard
1986;Hard Choices;King, Rick
1969;Rain People, The;Coppola, Francis Ford
1984;A Year of the Quiet Sun;Zanussi, Krzystoff
1935;Desert Trail, The;Collins, Lewis D.
1990;Almost an Angel;Cornell, John
1986;Crocodile Dundee;Faiman, Peter
1977;American Friend, The;Wenders, Wim
1989;See You in the Morning;Pakula, Alan J.
1987;Arrogant, The;Blot, Philippe
1989;Dracula's Widow;Coppola, Christopher
1987;Ninja Masters of Death;Lambert, Bruce
1990;Mystery Train;Jarmusch, Jim
1978;Go Tell the Spartans;Post, Ted
1986;True Stories;Byrne, David
1953;Ugetsu Monogatari;Mizoguchi, Kenji
1969;Rebel Rousers;Cohen, Martin B.
1988;Plain Clothes;Coolidge, Martha
1981;Whose Life Is It, Anyway?;Badham, John
1988;Running on Empty;Lumet, Sidney
1990;Funny about Love;Nimoy, Leonard
1985;A Chorus Line, The Movie;Attenborough, Richard
1986;Stewardess School;Blancato, Ken
1987;Big Town, The;Bolt, Ben
1983;Rumble Fish;Coppola, Francis Ford
1983;Outsiders, The;Coppola, Francis Ford
1990;Priceless Beauty;Finch, Charles
1989;Streets of Fire;Hill, Walter
1990;Men Don't Leave;Brickman, Paul
1988;Everybody's All American;Hackford, Taylor
1992;Cape Fear;Scorsese, Martin
1949;Crashing Thru;Taylor, Ray
1978;Get Out Your Handkerchiefs;Blier, Bertrand
1971;Boy Friend, THe;Russell, Ken
1990;Hard To Kill;Malmuth, Bruce
1960;Psycho;Hitchcock, Alfred
1957;Jet Pilot;Sternberg, Josef von
1987;Under Cover;Stockwell, John
1951;A Streetcar Named Desire;Kazan, Elia
1986;Golden Child, The;Ritchie, Michael
1971;Statue, The;Amateau, Rod
1985;Christopher Columbus;Lattuada, Alberto
1989;In Country;Jewison, Norman
1978;Wild Geese, The;McLaglen, Andrew V.
1974;Second Coming of Suzanne., The;Barry, Michael
1980;Bronco Billy;Eastwood, Clint
1977;Gauntlet, The;Eastwood, Clint
1986;Ratboy;Locke, Sondra
1938;Lady Vanishes;Hitchcock, Alfred
1987;Kitchen Toto, THe;Hook, Harry
1959;Carlton-Browne of the F.O.;Boulting, Roy
1929;Racketeer;Higgin, Howard
1941;Mr. & Mrs. Smith;Hitchcock, Alfred
1986;Alrededor de Medianoche;Rayfield, David
1982;Losin' It;Hanson, Curtis
1987;Into the Homeland;Glatter, Lesli Linka
1991;Boxing Babes;Dell, Stewart
1991;Shock 'em Dead;Freed, Mark
1960;Heller in Pink Tights;Cukor, George
1961;Two Women;De Sica, Vittorio
1954;Gold of Naples, The;De Sica, Vittorio
1963;Yesterday, Today & Tomorrow;De Sica, Vittorio
1957;Legend of the Lost;Hathaway, Henry
1978;Brass Target;Hough, John
1964;Fall of the Roman Empire, The;Mann, Anthony
1961;El Cid;Mann, Anthony
1958;Desire under the Elms;Mann, Delbert
1953;Two Nights with Cleo;Mattoli, Mario
1959;Black Orchid, The;Ritt, Martin
1977;Angela;Sagal, Boris
1977;A Special Day;Scola, Ettore
1979;Blood Feud;Wertmuller, Lina
1986;RAD;Needham, Hal
1979;Cocaine Cowboys;Lommel, Ulli
1943;Ape Man, The;Beaudine, William
1986;Mission, The;Joffe, Roland
1991;Curly Sue;Hughes, John
1962;Lolita;Kubrick, Stanley
1989;Sex, Lies, and Videotape;Soderbergh, Steven
1990;Green Card;Weir, Peter
1988;Gator Bait II;Sebastian, Beverly
1979;Being There;Ashby, Hal
1983;Terms of Endearment;Brooks, James L.
1967;Woman Times Seven;De Sica, Vittorio
1968;Bliss of Mrs. Blossom, The;McGrath, Joseph
1990;Postcards from the Edge;Nichols, Mike
1970;Two Mules for Sister Sara;Siegel, Don
1939;Back Door to Heaven;Howard, William K.
1988;Ciao Italia, Madonna Live from Italy;De Winter, Harry
1991;Madonna, Truth or Dare;Keshishian, Alek
1992;A Certain Sacrifice;Lewicki, Steven Jon
1988;Hot to Trot;Dinner, Michael
1986;Fire with Fire;Gibbins, Duncan
1990;Hot Spot;Hopper, Dennis
1974;Amarcord;Fellini, Federico
1988;Casablanca Express;Martino, Sergio
1980;Out of the Blue;Hopper, Dennis
1949;Sands of Iwo Jima;Dwan, Allan
1981;Hand, The;Stone, Oliver
1989;Deep Cover;Loncraine, Richard
1955;Il Bidone;Fellini, Federico
1986;El Guerrero Solitario;Eastwood, Clint
1986;Heartbreak Ridge;Eastwood, Clint
1977;Goodbye Girl, The;Ross, Herbert
1991;Robin Hood: Prince of Thieves;Costner, Kevin
1992;White Sands;Donaldson, Roger
1986;Color of Money, The;Scorsese, Martin
1986;Children of a Lesser God;Haines, Randa
1986;Matador;Almodóvar, Pedro
1989;Women on the Verge of a Nervous Breakdown;Almodóvar, Pedro
1980;Pepi Luci Bom;Almodóvar, Pedro
1989;Forgotten, The;Keach, James
1990;After the Shock;Sherman, Gary
1992;Riff Raff;Loach, Ken
1967;Glory Stompers, The;Lanza, Anthony M.
1990;Dances with Wolves;Costner, Kevin
1987;Matewan;Sayles, John
1988;Mississippi Burning;Parker, Alan
1975;Eiger Sanction, The;Eastwood, Clint
1988;Unsettled Land;Barbash, Uri
1991;Cat Chaser;Ferrera, Abel
1988;Accused, The;Kaplan, Jonathan
1989;Winter People;Kotcheff, Ted
1983;Reuben, Reuben;Miller, Robert Ellis
1987;Made in Heaven;Rudolph, Alan
1986;Top Gun;Scott, Tony
1985;Witness;Weir, Peter
1984;Racing with the Moon;Benjamin, Richard
1983;Lovesick;Brickman, Marshall
1965;Greatest Story Ever Told, The;Stevens, George
1989;Hawks;Miller, Robert Ellis
1981;So Fine;Bergman, Andrew
1957;Paths of Glory;Kubrick, Stanley
1964;Tom Jones;Dassin, Jules
1975;Sunshine Boys, The;Ross, Herbert
1988;Caddyshack 2;Arkush, Allan
1990;Internal Affairs;Figgis, Mike
1991;JFK;Stone, Oliver
1991;New Jack City;Van Peebles, Mario
1987;Hope & Glory;Boorman, John
1970;Ryan's Daughter;Lean, David
1973;Man Who Loved Cat Dancing, The;Sarafian, Richard C.
1962;Man Who Shot Liberty Valance, The;Ford, John
1989;Dead-Bang;Frankenheimer, John
1988;Big Top Pee-wee;Kleiser, Randal
1960;Time Machine, The;Pal, George
1972;Cabaret;Fosse, Bob
1981;Arthur;Gordon, Steve
1976;A Matter of Time;Minnelli, Vincente
1977;New York, New York;Scorsese, Martin
1989;Nightmare on Elm Street, Pt. 5, The Dream Child;Hopkins, Stephen
1980;Fiendish Plot of Dr. Fu Manchu, The;Haggard, Piers
1991;Four American Composers;Greenaway, Peter
1950;Asphalt Jungle, The;Huston, John
1992;Ladies of the Chorus;Karlson, Phil
1953;How to Marry a Millionaire;Negulesco, Jean
1991;Nothing But Trouble;Aykroyd, Dan
1987;Wisdom;Estevez, Emilio
1986;One Crazy Summer;Holland, Savage Steve
1989;We're No Angels;Jordan, Neil
1984;No Small Affair;Schatzberg, Jerry
1990;Ghost;Zucker, Jerry
1986;About Last Night;Zwick, Edward
1982;Six Weeks;Bill, Tony
1948;Return of October;Lewis, Joseph H.
1952;Come Back, Little Sheba;Mann, Daniel
1974;Going Places;Blier, Bertrand
1970;Monte Walsh;Fraker, William A.
1955;Mr. Arkadin;Welles, Orson
1988;White of the Eye;Cammell, Donald
1968;Producers, The;Brooks, Mel
1976;Front, The;Ritt, Martin
1987;House of the Rising Sun;Gold, Greg
1988;In a Shallow Grave;Bowser, Kenneth
1974;Mc Q;Sturges, John
1941;Lady from Louisiana;Vorhaus, Bernard
1990;Wait Until Spring Bandini;Deruddere, Dominique
1940;Long Voyage Home, The;Ford, John
1955;Trouble with Harry, The;Hitchcock, Alfred
1987;Encounters;Marder, Bruce
1963;Hud;Ritt, Martin
1987;Surf Nazis Must Die;George, Peter
1956;Teahouse of the August Moon;Mann, Daniel
1970;Man Who Haunted Himself, The;Dearden, Basil
1991;Prisoner of Honor.;Russell, Ken
1923;Desert Rider;Bradbury, Robert N.
1980;Wholly Moses!;Weis, Gary
1991;Star Trek VI: The Undiscovered Country;Meyer, Nicholas
1989;Star Trek V: The Final Frontier;Shatner, William 
1991;Circuitry Man;Lovy, Steven
1986;Cobra;Cosmatos, George P.
1987;Beverly Hills Cop II;Scott, Tony
1950;To Joy;Bergman, Ingmar
1958;Vertigo;Hitchcock, Alfred
1987;Young Love: Lemon Popsicle Seven;Bennett, Walter
1946;Crack-Up;Reis, Irving
1941;Bury Me Not on the Lone Prairie;Taylor, Ray
1940;Law & Order;Taylor, Ray
1941;Man from Montana;Taylor, Ray
1992;Long Gray Line, The;Ford, John
1950;Rio Grande;Ford, John
1957;Wings of Eagles, The;Ford, John
1939;Jamaica Inn;Hitchcock, Alfred
1971;Big Jake;Sherman, George
1983;After the Rehearsal;Bergman, Ingmar
1952;Big Jim McLain;Ludwig, Edward
1969;Smith!;O'Herlihy, Michael
1953;Wild One, The;Benedek, Laslo
1929;Manxman, The;Hitchcock, Alfred
1978;International Velvet;Forbes, Bryan
1981;Scanners;Cronenberg, David
1986;Trick or Treat;Smith, Charles Martin
1982;48 Hrs.;Hill, Walter
1985;Trip to Bountiful, The;Masterson, Peter
1955;Mister Roberts;Ford, John
1969;Z;Costa-Gavras
1987;Maurice;Ivory, James
1969;Hamlet;Richardson, Tony
1991;La Femme Nikita;Besson, Luc
1993;Honeymoon in Vegas;Bergman, Andrew
1988;Going for the Gold;Taylor, Dan
1976;Shout at the Devil;Hunt, Peter R.
1986;A Smoky Mountain Christmas;Winkler, Henry
1984;Getting Physical;Stern, Steven Hilliard
1990;Torn Apart;Fisher, Jack
1986;From the Hip;Clark, Bob
1984;Ratings Game, The;DeVito, Danny
1986;Water;Clement, Dick
1978;Silent Movie;Brooks, Mel
1989;Pink Cadillac;Eastwood, Clint
1979;Jerk, The;Reiner, Carl
1980;Wild Times;Compton, Richard
1986;Sweet Liberty;Alda, Alan
1982;Grease II;Birch, Patricia
1989;Married to the Mob;Demme, Jonathan
1985;Ladyhawke;Donner, Richard
1989;Fabulous Baker Boys, The;Kloves, Steve
1985;Into the Night;Landis, John
1991;Russia House, The;Schepisi, Fred
1988;Tequila Sunrise;Towne, Robert
1971;Last Movie, The;Hopper, Dennis
1973;Dillinger;Milius, John
1988;Little Dorrit;Edzard, Christine
1927;My Best Girl;Taylor, Sam
1989;Seizure;Stone, Oliver
1990;A Chorus of Disapproval;Winner, Michael
1962;Rome Adventure;Daves, Delmer
1992;Drowning by Numbers;Greenaway, Peter
1991;Born to Ride;Baker, Graham
1988;Her Alibi;Beresford, Bruce
1990;Dangerous Pursuit;Stern, Sandor
1962;Experiment in Terror;Edwards, Blake
1972;Hideaways, The;Cook, Fielder
1965;What's New Pussycat;Donner, Clive
1965;What's New Pussycat?;Donner, Clive
1983;Packin' It In;Taylor, Jud
1988;Naked Gun: From the Files of Police Squad!, THe;Zucker, David
1990;In Too Deep;Tatoulis, Colin South, John
1988;Twins;Reitman, Ivan
1988;Experts, The;Thomas, Dave
1989;Naked Lie;Colla, Richard A.
1987;Mistress;Tuchner, Michael
1970;Adam at 6 A.M.;Scheerer, Robert
1990;Web of Deceit;Stern, Sandor
1991;New York Stories;Coppola, Francis Ford
1987;Dreams Lost, Dreams Found;Patterson, Willi
1987;Au Revoir les Enfants;Malle, Louis
1989;Quo Vadis;Rossi, Franco
1949;Fighting Kentuckian, The;Waggner, George
1974;Zardoz;Boorman, John
1989;Police Academy 6: City under Siege;Bonerz, Peter
1988;Police Academy 5: Assignment Miami Beach;Myerson, Alan
1986;Police Academy 3: Back in Training;Paris, Jerry
1991;America's Music, Blues;Walton, Kip
1977;Julia;Zinnemann, Fred
1971;Devils, The;Russell, Ken
1984;Ransom;Segal, Alex
1990;Cadillac Man;Donaldson, Roger
1986;Best of Times, The;Spottiswoode, Roger
1985;Death of a Salesman;Schlöndorff, Volker
1987;Empire of the Sun;Spielberg, Steven
1991;Comfort of Strangers, The;Schrader, Paul
1969;On Her Majesty's Secret Service;Hunt, Peter R.
1986;Pretty in Pink;Deutch, Howard
1943;Lone Star Trail, The;Taylor, Ray
1986;Summer;Rohmer, Eric
1987;Planes, Trains & Automobiles;Hughes, John
1990;Pretty Woman;Marshall, Garry
1991;Flatliners;Schumacher, Joel
1991;Hook;Spielberg, Steven
1940;Riders of Pasco Basin;Taylor, Ray
1990;Desperate Hours;Cimino, Michael
1986;Gung Ho;Howard, Ron
1992;Shooting Elizabeth;Taylor, Baz
1951;Strangers on a Train;Hitchcock, Alfred
1979;Sacketts, The;Totten, Robert
1991;To Die Standing;Morneau, Louis
1980;Rodeo Girl;Cooper, Jackie
1969;Butch Cassidy & the Sundance Kid;Hill, George Roy
1968;Hellfighters;McLaglen, Andrew V.
1980;Final Countdown, The;Taylor, Don
1986;Blue Velvet;Lynch, David
1976;Black & White in Color;Annaud, Jean-Jacques
1988;Another Woman;Allen, Woody
1992;Night on Earth;Jarmusch, Jim
1988;Permanent Record;Silver, Marisa
1992;Fisher King, The;Gilliam, Terry
1991;Another You;Phillips, Maurice
1958;Young Lions, The;Dmytryk, Edward
1988;Cheerleader Camp;Quinn, John
1947;Angel & the Badman;Grant, James Edward
1990;Impulse;Locke, Sondra
1988;Track Twenty-Nine;Roeg, Nicolas
1991;Freejack;Richardson, Tony
1988;Smallest Show on Earth, The;Dearden, Basil
1987;Innerspace;Dante, Joe
1988;Presidio, The;Hyams, Peter
1990;Joe Versus the Volcano;Patrick, John
1991;Doors, The;Stone, Oliver
1990;Welcome Home, Roxy Carmichael;Abrahams, Jim
1972;Cancel My Reservation;Bogart, Paul
1991;North by Northwest;Hitchcock, Alfred
1966;Russians Are Coming, the Russians Are, The;Jewison, Norman
1992;Exodus;Preminger, Otto
1982;Ballad of Narayama, The;Imamura, Shohei
1985;Out of the Darkness;Taylor, Jud
1971;Garden of the Finzi-Continis, The;De Sica, Vittorio
1974;Steppenwolf;Haines, Fred
1973;Mackintosh Man, The;Huston, John
1968;Partner;Bertolucci, Bernardo
1970;Conformist, The;Bertolucci, Bernardo
1971;Dirty Harry;Siegel, Don
1986;Ferris Bueller's Day Off;Hughes, John
1986;Legend;Scott, Ridley
1984;Buddy System, The;Jordan, Glenn
1989;A Dry White Season;Palcy, Euzhan
1975;Rocky Horror Picture Show, The;Sharman, Jim
1968;War & Peace;Bondarchuk, Sergei
1991;Going Under;Travis, Mark W.
1975;Passenger, The;Antonioni, Michelangelo
1973;Last Tango in Paris;Bertolucci, Bernardo
1987;Indigo Autumn & Lilac Dream;Gillard, Stuart
1924;Kriemhild's Revenge, The Nibelungenlied;Lang, Fritz
1966;Johnny Tiger;Wendkos, Paul
1986;Head Office;Finkleman, Ken
1972;Le Charme Discret de la Bourgeoisie;Bunuel, Luis
1986;Blue City;Manning, Michelle
1983;Bad Boys;Rosenthal, Rick
1986;Whoopee Boys, The;Byrum, John
1971;Last Picture Show, The;Bogdanovich, Peter
1988;Diamond Trap, The;Taylor, Don
1981;Endless Love;Zeffirelli, Franco
1976;Rocky;Avildsen, John G.
1988;Cocktail;Donaldson, Roger
1936;Sabotage;Hitchcock, Alfred
1977;Madame Rosa;Mizrahi, Moshe
1954;Desiree;Koster, Henry
1960;Spartacus;Kubrick, Stanley
1955;Guys & Dolls;Mankiewicz, Joseph L.
1992;Until They Sail;Wise, Robert
1988;Coming to America;Landis, John
1963;Lilies of the Field;Poitier, Sidney
1987;River's Edge;Hunter, Tim
1986;Ruthless People;Abrahams, Jim
1987;Secret of My Success, The;Ross, Herbert
1965;Shop on Main Street, The;Kadar, Jan
1988;Funny Farm;Hill, George Roy
1988;Lonely Passion of Judith Hearne, The;Clayton, Jack
1978;California Suite;Ross, Herbert
1986;Maximum Overdrive;King, Stephen
1985;Pale Rider;Eastwood, Clint
1990;Kissing Place, The;Wharmby, Tony
1986;French Lesson;Gilbert, Brian
1985;Roller Blade;Jackson, Donald G
1964;A Shot in the Dark;Edwards, Blake
1982;Missing;Costa-Gavras
1989;Picasso Trigger;Sidaris, Andy
1987;Hard Ticket to Hawaii;Sidaris, Andy
1990;Diamonds are Forever;Hamilton, Guy
1933;Baby Face;Green, Alfred E.
1992;Violent Men, The;Mate, Rudolph
1985;Cocoon;Howard, Ron
1986;Clockwise;Morahan, Christopher
1981;Outland;Hyams, Peter
1967;Hang 'em High;Post, Ted
1992;Basic Instinct;Verhoeven, Paul
1990;Total Recall;Verhoeven, Paul
1987;Stakeout;Badham, John
1992;Unnamable II, The Statement of Randolph Carter, The;Ouellette, Jean-Paul
1967;Trip, The;Corman, Roger
1987;Ironweed;Babenco, Hector
1979;Kramer vs. Kramer;Benton, Robert
1988;Still of the Night;Benton, Robert
1991;Defending Your Life;Brooks, Albert
1978;Deer Hunter, The;Cimino, Michael
1984;Falling in Love;Grosbard, Ulu
1986;Heartburn;Nichols, Mike
1983;Silkwood;Nichols, Mike
1982;Sophie's Choice;Pakula, Alan J.
1985;Out of Africa;Pollack, Sydney
1981;French Lieutenant's Woman, The;Reisz, Karel
1985;Plenty;Schepisi, Fred
1988;A Cry in the Dark;Schepisi, Fred
1989;She-Devil;Seidelman, Susan
1992;Death Becomes Her;Zemeckis, Robert
1970;On a Clear Day You Can See Forever;Minnelli, Vincente
1987;Nuts;Ritt, Martin
1983;Yentl;Streisand, Barbra
1968;Funny Girl;Wyler, William
1990;Fellow Traveller;Towns, Philip Saville
1970;Dodesukaden;Kurosawa, Akira
1987;Sicilian, The;Cimino, Michael
1941;So Ends Our Night;Cromwell, John
1984;Sword of the Valiant;Weeks, Stephen
1949;Devil's Wanton, The;Bergman, Ingmar
1989;Driving Miss Daisy;Beresford, Bruce
1983;Between Friends;Antonio, Lou
1957;Raintree County;Dmytryk, Edward
1975;Driver's Seat, The;Griffi, Giuseppe Patroni
1967;Reflections in a Golden Eye;Huston, John
1972;X, Y & Zee;Hutton, Brian G.
1968;Secret Ceremony;Losey, Joseph
1963;Cleopatra;Mankiewicz, Joseph L.
1950;Father of the Bride;Minnelli, Vincente
1992;Who's Afraid of Virginia Woolf?;Nichols, Mike
1977;A Little Night Music;Prince, Harold
1956;Giant;Stevens, George
1985;Rumor Mill, The;Trikonis, Gus
1943;Lassie Come Home;Wilcox, Fred M
1931;Cimarron;Ruggles, Wesley
1992;Apache Woman;Corman, Roger
1988;Mystic Pizza;Petrie, Donald
1991;Dogfight;Savoca, Nancy
1935;Adventures of Rex & Rinty, The;Beebe, Ford
1988;Daphnis & Chloe;Wimhurst, Jolyon
1980;Marathon;Cooper, Jackie
1948;Fort Apache;Ford, John
1937;Wee Willie Winkie;Ford, John
1987;Big Shots;Mandel, Robert
1988;Doin' Time on Planet Earth;Matthau, Charles
1983;All the Right Moves;Chapman, Michael
1987;Some Kind of Wonderful;Deutch, Howard
1990;All New Tales from the Crypt, A Trilogy;Deutch, Howard
1985;Back to the Future;Zemeckis, Robert
1963;Winter Light;Bergman, Ingmar
1963;Silence, The;Bergman, Ingmar
1959;Magician, The;Bergman, Ingmar
1961;Four Horsemen of the Apocalypse, The;Minnelli, Vincente
1986;Critical Condition;Apted, Michael
1989;Lean on Me;Avildsen, John G.
1986;On Wings of Eagles;McLaglen, Andrew V.
1941;Texas;Marshall, George
1939;Allegheny Uprising;Seiter, William A.
1940;Dark Command;Walsh, Raoul
1986;Peggy Sue Got Married;Coppola, Francis Ford
1989;Dear America, Letters Home from Vietnam;Couturie, Bill
1985;Prizzi's Honor;Huston, John
1983;Man with Two Brains, The;Reiner, Carl
1984;Crimes of Passion;Russell, Ken
1985;Jewel of the Nile, The;Teague, Lewis
1984;Romancing the Stone;Zemeckis, Robert 
1955;Sea Chase, The;Farrow, John
1988;Cannibal Women in the Avocado Jungle of Death;Lawton, J.F.
1986;Mr Love.;Battersby, Roy
1968;2001: A Space Odyssey;Kubrick, Stanley
1966;Persona;Bergman, Ingmar
1973;Scenes from a Marriage;Bergman, Ingmar
1968;Hour of the Wolf;Bergman, Ingmar
1969;Passion of Anna, The;Bergman, Ingmar
1984;Dangerous Moves;Dembo, Richard
1957;Sayonara;Logan, Joshua
1968;Where Eagles Dare;Hulton, Brian G.
1985;Teen Wolf;Daniel, Rod
1990;Amazon;Kaurismäki, Mika
1973;Paper Chase, The;Bridges, James
1959;Virgin Spring, The;Bergman, Ingmar
1970;Spider's Stratagem;Bertolucci, Bernardo
1971;Play Misty for Me;Eastwood, Clint
1981;Going Ape;Kronsberg, Jeremy Joe
1967;Cool Hand Luke;Rosenberg, Stuart
1988;Phantom of the Ritz;Plone, Allen
1990;Crash & Burn;Band, Charles
1991;After Dark My Sweet;Foley, James
1992;Christopher Columbus: The Discovery;Glen, John
1986;Young Sherlock Holmes;Levinson, Barry
1991;Doc Hollywood;Caton-Jones, Michael
1988;Baja Oklahoma;Roth, Bobby
1986;Aliens;Cameron, James
1992;Alien Three;Fincher, David
1997;Alien: resurrection;Jeunet, Jean-Pierre
1979;Alien;Scott, Ridley
1985;One Woman or Two;Vigne, Daniel
1984;Soggy Bottom U. S. A.;Flicker, Theodore J.
1973;Bang the Drum Slowly;Hancock, John D.
1974;Catamount Killing, The;Zanussi, Krzystoff
1972;Fuzz;Colla, Richard A.
1966;Shoot Loud, Louder, I Don't Understand!;De Filippo, Eduardo
1967;Bedazzled;Donen, Stanley
1977;Prince & the Pauper, The;Fleischer, Richard
1969;One Hundred Rifles;Gries, Tom
1975;Wild Party, The;Ivory, James
1968;Bandolero!;McLaglen, Andrew V.
1973;Last of Sheila, The;Ross, Herbert
1988;Bird;Eastwood, Clint
1987;Hell Comes to Frogtown;Jackson, Donald G
1966;Fortune Cookie, The;Wilder, Billy
1990;Sun Shines Bright, The;Ford, John
1987;Squeeze, The;Apted, Michael
1970;Start the Revolution Without Me;Yorkin, Bud
1989;Major League;Ward, David S.
1990;Bright Lights, Big City;Bridges, James
1987;Lost Boys, The;Schumacher, Joel
1989;Cookie;Seidelman, Susan
1974;Conversation, The;Coppola, Francis Ford
1973;American Graffiti;Lucas, George
1953;Dangerous When Wet;Walters, Charles
1980;Stir Crazy;Poitier, Sidney
1989;Young Einstein;Serious, Yahoo
1956;Killing, The;Kubrick, Stanley
1973;Cahill, United States Marshal;McLaglen, Andrew V.
1989;Savage Intruder, The;Wolfe, Donald
1992;Sheltering Sky, The;Bertolucci, Bernardo
1982;An Officer & a Gentleman;Hackford, Taylor
1987;Black Widow;Rafelson, Bob
1986;Legal Eagles;Reitman, Ivan
1970;Bloody Mama;Corman, Roger
1965;A Patch of Blue;Green, Guy
1955;I Died a Thousand Times;Heisler, Stuart
1977;Tentacles;Hellman, Oliver
1968;Scalphunters, The;Pollack, Sydney
1992;A Day in October;Madsen, Kenneth
1964;A Fistful of Dollars;Leone, Sergio
1985;My Science Project;Betnel, Jonathan
1991;Great Race, The;Edwards, Blake
1956;Searchers, The;Ford, John
1979;Meteor;Neame, Ronald
1955;Rebel Without a Cause;Ray, Nicholas
1961;West Side Story;Wise, Robert
1970;Trash;Morrissey, Paul
1966;A Big Hand for the Little Lady;Cook, Fielder
1966;A Fine Madness;Kershner, Irvin
1987;Glass Menagerie, The;Newman, Paul
1989;Harry & Son;Newman, Paul
1968;Rachel, Rachel;Newman, Paul
1961;Paris Blues;Ritt, Martin
1991;State of Grace;Joanou, Phil
1943;Shadow of a Doubt;Hitchcock, Alfred
1950;Men, The;Zinnemann, Fred
1950;Stage Fright;Hitchcock, Alfred
1947;Magic Town;Wellman, William
1975;That Lucky Touch;Miles, Christopher
1949;Lust for Gold;Simon, S. Sylvan
1987;Heat;Jameson, Jerry
1947;Night Is My Future;Bergman, Ingmar
1990;Witches, The;Roeg, Nicolas
1953;Vera Cruz;Aldrich, Robert
1954;Apache;Aldrich, Robert
1977;Twilight's Last Gleaming;Aldrich, Robert
1979;Frisco Kid, The;Aldrich, Robert
1954;Bank on the Stars;Allen, Craig
1987;Law of Desire;Almodóvar, Pedro
1966;Quiller Memorandum, The;Anderson, Michael
1962;Longest Day, The;Annakin, Ken
1986;Name of the Rose, The;Annaud, Jean-Jacques
1988;Bloodsport;Arnold, Newt
1986;Torment;Aslanian, Samson
1988;Pelle the Conqueror;August, Bille
1981;Taps;Becker, Harold
1991;Freshman, The;Bergman, Andrew
1987;Last Emperor, The;Bertolucci, Bernardo
1962;Grim Reaper, The;Bertolucci, Bernardo
1983;Le Dernier Combat;Besson, Luc
1989;Too Beautiful for You;Blier, Bertrand
1991;Fire, Ice & Dynamite;Bogner, Willy
1963;Heavens Above;Boulting, John
1961;One Eyed Jacks;Brando, Marlon
1937;Swing It, Sailor!;Cannon, Raymond
1987;Wolf at the Door, The;Carlsen, Henning
1936;Modern Times;Chaplin, Charles
1991;Thunderbolt & Lightfoot;Cimino, Michael
1931;A Nous la Liberte;Clair, Rene
1979;Scum;Clarke, Alan
1984;Inside Man, The;Clegg, Tom
1979;Apocalypse Now;Coppola, Francis Ford
1990;Bellboy & the Playgirls, The;Coppola, Francis Ford
1963;Terror, The;Corman, Roger
1963;Raven, The;Corman, Roger
1975;They Came from Within;Cronenberg, David
1986;Boy in Blue, The;Dale, Cynthia
1991;Killer Tomatoes Strike Back;De Bello, John
1979;Attack of the Killer Tomatoes;De Bello, John
1987;Untouchables, The;De Palma, Brian
1986;Wise Guys;De Palma, Brian
1989;American Autobahn;Degas, Andre
1990;Final Alliance, The;Di Leo, Mario
1984;Bounty, The;Donaldson, Roger
1974;Little Prince, The;Donen, Stanley
1975;Posse;Douglas, Kirk
1982;Firefox;Eastwood, Clint
1987;Penitentiary III;Fanaka, Jamaa
1993;Ginger & Fred;Fellini, Federico
1966;Wrong Box, The;Forbes, Bryan
1990;Wagonmaster;Ford, John
1945;They Were Expendable;Ford, John
1991;Last Hurrah, The;Ford, John
1949;Law of the Golden West;Ford, Philip
1949;Pioneer Marshal;Ford, Philip
1949;Ranger of the Cherokee Strip;Ford, Philip
1950;Vanishing Westerner;Ford, Philip
1948;Bandits of Dark Canyon;Ford, Philip
1948;Bold Frontiersman, The;Ford, Philip
1948;Wild Frontier, The;Ford, Philip
1968;Firemen's Ball, The;Forman, Milos
1983;Local Hero;Forsyth, Bill
1971;French Connection, The;Friedkin, William
1985;To Live & Die in L. A.;Friedkin, William
1961;Ferry to Hong Kong;Gilbert, Lewis
1983;Eddie Murphy, Delirious;Gower, Bruce
1984;Secret Policeman's Private Parts, The;Graef, Roger
1958;Up the Creek;Guest, Val
1982;Yol;Guney, Yilmaz
1989;Sara Dane;Hardy, Rod
1988;Night Tide;Harrington, Curtis
1953;His Majesty O'Keefe;Haskin, Byron
1960;North to Alaska;Hathaway, Henry
1966;Flight to Fury;Hellman, Monte
1966;Ride in the Whirlwind;Hellman, Monte
1970;Powderkeg;Heyes, Douglas
1953;I Confess;Hitchcock, Alfred
1935;Thirty-Nine Steps, The;Hitchcock, Alfred
1969;Topaz;Hitchcock, Alfred
1930;Murder;Hitchcock, Alfred
1954;Dial M for Murder;Hitchcock, Alfred
1937;Young & Innocent;Hitchcock, Alfred
1976;Creature from Black Lake;Houck, Joy, Jr.
1981;Chariots of Fire;Hudson, Hugh
1982;Monty Python Live at the Hollywood Bowl;Hughes, Terry
1975;Man Who Would Be King, The;Huston, John
1981;Victory;Huston, John
1970;Kelly's Heroes;Hutton, Brian G.
1989;Next of Kin;Irvin, John
1990;Chattahoochee;Jackson, Mick
1985;Angelic Conversation, The;Jarman, Derek
1986;Down by Law;Jarmusch, Jim
1984;Killing Fields, The;Joffe, Roland
1992;Survival Zone;Jones, Chris
1979;Monty Python's Life of Brian;Jones, Terry
1983;Monty Python's the Meaning of Life;Jones, Terry
1971;Red Tent, The;Kalatozov, Mikhail
1945;Dakota;Kane, Joseph
1952;Viva Zapata!;Kazan, Elia
1968;Green Berets, The;Kellogg, Ray
1990;Big Bad John;Kennedy, Burt
1937;Ticket of Leave Man, The;King, George
1956;D-Day, The Sixth of June;Koster, Henry
1974;Apprenticeship of Duddy Kravitz, The;Kotcheff, Ted
1971;A Clockwork Orange;Kubrick, Stanley
1991;Full Metal Jacket;Kubrick, Stanley
1943;Sanshiro Sugata;Kurosawa, Akira
1991;Rhapsody in August;Kurosawa, Akira
1946;No Regrets for Our Youth;Kurosawa, Akira
1960;Bad Sleep Well, The;Kurosawa, Akira
1951;Idiot, The;Kurosawa, Akira
1951;Rashomon;Kurosawa, Akira
1962;Sanjuro;Kurosawa, Akira
1955;Seven Samurai;Kurosawa, Akira
1957;Throne of Blood;Kurosawa, Akira
1961;Yojimbo;Kurosawa, Akira
1980;Kagemusha;Kurosawa, Akira
1952;Ikiru;Kurosawa, Akira
1987;Empire of Spiritual Ninja;Lambert, Bruce
1986;Ninja, the Violent Sorcerer;Lambert, Bruce
1926;Metropolis;Lang, Fritz
1946;Cloak & Dagger;Lang, Fritz
1920;Spiders;Lang, Fritz
1954;Human Desire;Lang, Fritz
1928;Spies;Lang, Fritz
1933;Testament of Dr. Mabuse, The;Lang, Fritz
1991;Fury;Lang, Fritz
1990;Mo' Better Blues;Lee, Spike
1989;Matt Talbot;Lennon, Biddy W.
1989;Will Rogers, Look Back in Laughter;Leo, Malcolm
1991;For a Few Dollars More;Leone, Sergio
1944;Thirty Seconds over Tokyo;LeRoy, Mervyn
1982;Class of 1984;Lester, Mark L.
1974;Juggernaut;Lester, Richard
1987;Good Morning, Vietnam;Levinson, Barry
1945;Blood on the Sun;Lloyd, Frank
1969;Paint Your Wagon;Logan, Joshua
1964;Ensign Pulver;Logan, Joshua
1976;Street People;Lucidi, Maurizio
1984;Manhunt, The;Ludman, Larry
1987;Operation Nam;Ludman, Larry
1944;Fighting Seabees, The;Ludwig, Edward
1988;Let It Rock;Lynch, David
1978;Eraserhead;Lynch, David
1955;Ladykillers, The;Mackendrick, Alexander
1957;Sweet Smell of Success;Mackendrick, Alexander
1971;And Now for Something Completely Different;MacNaughton, Ian
1984;Crackers;Malle, Louis
1991;Green Glove;Mate, Rudolph
1970;Menace on the Mountain;McEveety, Vincent
1940;In Old California;McGann, William
1967;Thirty Is a Dangerous Age, Cynthia;McGrath, Joseph
1980;Ffolkes;McLaglen, Andrew V.
1970;Chisum;McLaglen, Andrew V.
1990;Hunt for Red October, The;McTiernan, John
1966;Closely Watched Trains;Menzel, Jiri
1973;Executive Action;Miller, David
1942;Flying Tigers;Miller, David
1991;Father's Little Dividend;Minnelli, Vincente
1982;An Evening with Robin Williams;Mischer, Don
1987;Eddie Murphy Raw;Murphy, Eddie
1989;Harlem Nights;Murphy, Eddie
1973;Santee;Nelson, Gary
1987;Good Father, The;Newell, Mike
1971;Sometimes a Great Notion;Newman, Paul
1970;Catch Twenty-Two;Nichols, Mike
1988;Dark Age;Nicholson, Arch
1981;Deadline;Nicholson, Arch
1935;Mysterious Mr. Wong;Nigh, William
1988;A Month in the Country;O'Connor, Pat
1990;Prom Night III, The Last Kiss;Oliver, Ron
1990;Blood in, Blood Out;Olmos, Edward James
1989;Wrong Arm of the Law, The;Owen, Cliff
1987;Orphans;Pakula, Alan J.
1976;All the President's Men;Pakula, Alan J.
1987;J-Men Forever;Patterson, Richard
1969;Wild Bunch, The;Peckinpah, Sam
1988;Judgement in Berlin;Penn, Leo
1993;Hot Line, The;Perier, Etienne
1988;Rocket Gibraltar;Petrie, Daniel
1975;Yakuza, The;Pollack, Sydney
1972;Jeremiah Johnson;Pollack, Sydney
1970;Burn!;Pontecorvo, Gillo
1973;Magnum Force;Post, Ted
1989;Cyborg;Pyun, Albert
1979;Prisoner of Zenda, The;Quine, Richard
1983;Scream;Quisenberry, Byron
1986;Assault, The;Rademakers, Fons
1951;Flying Leathernecks;Ray, Nicholas
1985;What Comes Around;Reed, Jerry
1980;Mon Oncle D'Amerique;Resnais, Alain
1972;Culpepper Cattle Company, The;Richards, Dick
1983;Survivors, The;Ritchie, Michael
1984;Roadhouse Sixty-Six;Robinson, John Mark
1991;Burning Poles, Cecil Taylor in Performance;Rochlin, Sheldon
1987;Russkies;Rosenthal, Rick
1990;My Blue Heaven;Ross, Herbert
1990;Altered States;Russell, Ken
1972;Cowboys, The;Rydell, Mark
1985;Code Name, Emerald;Sanger, Jonathan
1970;Patton;Schaffner, Franklin J.
1969;Midnight Cowboy;Schlesinger, John
1985;Falcon & the Snowman, The;Schlesinger, John
1976;Maitresse;Schroeder, Barbet
1987;Disorderlies;Schultz, Michael
1991;Raging Bull;Scorsese, Martin
1991;Garrison Keillor's Home;Sevush, Herb
1938;Overland Stage Raiders;Sherman, George
1938;Pals of the Saddle;Sherman, George
1982;Alone in the Dark;Sholder, Jack
1971;Beguiled, The;Siegel, Don
1979;Escape from Alcatraz;Siegel, Don
1948;Criss Cross;Siodmak, Robert
1976;Midway;Smight, Jack
1990;Indiana Jones & the Last Crusade;Spielberg, Steven
1993;Duel;Spielberg, Steven
1991;Separate but Equal;Stevens, George, Jr.
1924;Gosta Berling's Saga;Stiller, Mauritz
1986;Platoon;Stone, Oliver
1963;Crawling Hand, The;Strock, Herbert L.
1971;Willy Wonka & the Chocolate Factory;Stuart, Mel
1971;Joe Kidd;Sturges, John
1985;Santa Claus, The Movie;Szwarc, Jeannot
1938;Boys Town;Taurog, Norman
1990;Erasure, Live Wild!;Taylor, Gavin
1982;A Question of Honor;Taylor, Jud
1947;Check Your Guns;Taylor, Ray
1947;West to Glory;Taylor, Ray
1937;Throwback, The;Taylor, Ray
1992;Border Feud;Taylor, Ray
1947;Fighting Vigilantes, The;Taylor, Ray
1947;Law of the Lash;Taylor, Ray
1949;Outlaw Country;Taylor, Ray
1992;Return of the Lash;Taylor, Ray
1937;Mystery of the Hooded Horsemen;Taylor, Ray
1937;Tex Rides with the Boy Scouts;Taylor, Ray
1949;Shadows of the West;Taylor, Ray
1991;Instant Karma;Taylor, Roderick
1957;Time Lock;Thomas, Gerald
1953;Appointment in Honduras;Tourneur, Jacques
1982;Danton;Wajda, Andrzej
1960;Alamo, The;Wayne, John
1986;La Chevre, (The Goat);Veber, Francis
1985;Les Comperes;Veber, Francis
1990;Dead Poets Society;Weir, Peter
1952;Othello, The Lost Masterpiece;Welles, Orson
1949;Battleground, The;Wellman, William
1976;Kings of the Road (In the Course of Time);Wenders, Wim
1990;Hiroshima;Werner, Peter
1982;Return of Martin Guerre, The;Vigne, Daniel
1956;Somebody up There Likes Me;Wise, Robert
